Tanggal,curah_hujan
01-01-2011,0.2
02-01-2011,10.1
03-01-2011,0.0
04-01-2011,10.6
05-01-2011,0.0
06-01-2011,0.0
07-01-2011,3.5
08-01-2011,3.0
09-01-2011,0.0
10-01-2011,17.0
11-01-2011,4.8
12-01-2011,23.5
13-01-2011,1.0
14-01-2011,1.2
15-01-2011,2.0
16-01-2011,5.4
17-01-2011,0.0
18-01-2011,0.0
19-01-2011,1.5
20-01-2011,0.9
21-01-2011,15.0
22-01-2011,0.0
23-01-2011,26.8
24-01-2011,2.3
25-01-2011,10.4
26-01-2011,4.0
27-01-2011,1.5
28-01-2011,2.0
29-01-2011,0.0
30-01-2011,0.0
31-01-2011,0.0
01-02-2011,0.0
02-02-2011,0.0
03-02-2011,17.9
04-02-2011,3.0
05-02-2011,9.4
06-02-2011,0.2
07-02-2011,4.4
08-02-2011,0.0
09-02-2011,13.7
10-02-2011,0.0
11-02-2011,0.0
12-02-2011,0.0
13-02-2011,0.0
14-02-2011,3.7
15-02-2011,0.0
16-02-2011,0.6
17-02-2011,5.3
18-02-2011,0.0
19-02-2011,3.2
20-02-2011,1.5
21-02-2011,3.2
22-02-2011,0.2
23-02-2011,0.0
24-02-2011,0.0
25-02-2011,9.2
26-02-2011,0.0
27-02-2011,2.4
28-02-2011,7.5
01-03-2011,29.8
02-03-2011,0.5
03-03-2011,0.3
04-03-2011,0.0
05-03-2011,3.4
06-03-2011,1.8
07-03-2011,36.9
08-03-2011,18.3
09-03-2011,1.2
10-03-2011,0.0
11-03-2011,8.8
12-03-2011,0.5
13-03-2011,0.0
14-03-2011,21.1
15-03-2011,0.0
16-03-2011,0.0
17-03-2011,0.0
18-03-2011,2.0
19-03-2011,35.3
20-03-2011,5.0
21-03-2011,0.0
22-03-2011,18.3
23-03-2011,0.8
24-03-2011,29.5
25-03-2011,2.1
26-03-2011,2.9
27-03-2011,0.0
28-03-2011,0.0
29-03-2011,0.0
30-03-2011,0.0
31-03-2011,35.0
01-04-2011,4.3
02-04-2011,0.8
03-04-2011,19.6
04-04-2011,5.0
05-04-2011,1.3
06-04-2011,10.5
07-04-2011,38.5
08-04-2011,0.3
09-04-2011,13.8
10-04-2011,7.8
11-04-2011,13.6
12-04-2011,1.8
13-04-2011,14.2
14-04-2011,1.5
15-04-2011,0.9
16-04-2011,0.5
17-04-2011,17.0
18-04-2011,7.5
19-04-2011,4.7
20-04-2011,1.0
21-04-2011,45.8
22-04-2011,0.0
23-04-2011,9.2
24-04-2011,3.2
25-04-2011,22.4
26-04-2011,0.3
27-04-2011,1.5
28-04-2011,8.0
29-04-2011,0.0
30-04-2011,0.0
01-05-2011,8.6
02-05-2011,8.6
03-05-2011,16.6
04-05-2011,12.8
05-05-2011,1.5
06-05-2011,0.0
07-05-2011,0.0
08-05-2011,0.0
09-05-2011,28.0
10-05-2011,24.5
11-05-2011,0.0
12-05-2011,0.0
13-05-2011,0.0
14-05-2011,0.0
15-05-2011,0.0
16-05-2011,1.0
17-05-2011,1.5
18-05-2011,0.0
19-05-2011,0.0
20-05-2011,11.0
21-05-2011,0.0
22-05-2011,0.9
23-05-2011,1.3
24-05-2011,0.0
25-05-2011,35.9
26-05-2011,0.0
27-05-2011,0.0
28-05-2011,1.9
29-05-2011,0.0
30-05-2011,0.0
31-05-2011,21.1
01-06-2011,43.7
02-06-2011,0.0
03-06-2011,1.8
04-06-2011,15.2
05-06-2011,0.0
06-06-2011,22.6
07-06-2011,1.2
08-06-2011,1.2
09-06-2011,1.4
10-06-2011,0.0
11-06-2011,0.0
12-06-2011,41.6
13-06-2011,0.2
14-06-2011,0.0
15-06-2011,5.5
16-06-2011,33.7
17-06-2011,11.0
18-06-2011,18.9
19-06-2011,9.1
20-06-2011,0.0
21-06-2011,0.0
22-06-2011,0.0
23-06-2011,0.0
24-06-2011,0.0
25-06-2011,0.0
26-06-2011,0.0
27-06-2011,0.0
28-06-2011,0.5
29-06-2011,7.4
30-06-2011,14.8
01-07-2011,0.4
02-07-2011,0.0
03-07-2011,0.0
04-07-2011,0.9
05-07-2011,0.0
06-07-2011,0.0
07-07-2011,0.0
08-07-2011,0.0
09-07-2011,0.0
10-07-2011,0.0
11-07-2011,0.0
12-07-2011,0.0
13-07-2011,0.0
14-07-2011,0.0
15-07-2011,0.1
16-07-2011,0.0
17-07-2011,0.1
18-07-2011,0.1
19-07-2011,0.1
20-07-2011,0.1
21-07-2011,0.1
22-07-2011,0.0
23-07-2011,0.0
24-07-2011,0.0
25-07-2011,0.0
26-07-2011,0.0
27-07-2011,0.0
28-07-2011,0.0
29-07-2011,0.0
30-07-2011,0.1
31-07-2011,0.6
01-08-2011,0.0
02-08-2011,0.0
03-08-2011,0.0
04-08-2011,0.0
05-08-2011,0.0
06-08-2011,0.0
07-08-2011,0.0
08-08-2011,0.0
09-08-2011,0.0
10-08-2011,0.0
11-08-2011,0.0
12-08-2011,0.0
13-08-2011,0.0
14-08-2011,0.0
15-08-2011,0.0
16-08-2011,0.0
17-08-2011,0.0
18-08-2011,0.0
19-08-2011,0.0
20-08-2011,0.0
21-08-2011,0.0
22-08-2011,0.0
23-08-2011,0.0
24-08-2011,0.0
25-08-2011,0.0
26-08-2011,0.0
27-08-2011,0.0
28-08-2011,0.0
29-08-2011,0.0
30-08-2011,0.0
31-08-2011,0.0
01-09-2011,8.9
02-09-2011,0.0
03-09-2011,0.0
04-09-2011,28.5
05-09-2011,9.3
06-09-2011,0.0
07-09-2011,0.0
08-09-2011,20.1
09-09-2011,4.3
10-09-2011,0.0
11-09-2011,14.3
12-09-2011,0.0
13-09-2011,0.0
14-09-2011,6.6
15-09-2011,10.2
16-09-2011,14.1
17-09-2011,7.3
18-09-2011,15.6
19-09-2011,46.9
20-09-2011,4.7
21-09-2011,0.0
22-09-2011,0.0
23-09-2011,0.0
24-09-2011,0.0
25-09-2011,0.0
26-09-2011,0.0
27-09-2011,0.0
28-09-2011,1.1
29-09-2011,5.0
30-09-2011,0.0
01-10-2011,0.0
02-10-2011,16.8
03-10-2011,0.6
04-10-2011,0.0
05-10-2011,4.4
06-10-2011,10.2
07-10-2011,1.0
08-10-2011,4.7
09-10-2011,0.5
10-10-2011,0.0
11-10-2011,0.0
12-10-2011,0.0
13-10-2011,0.0
14-10-2011,0.0
15-10-2011,0.0
16-10-2011,0.0
17-10-2011,3.8
18-10-2011,1.3
19-10-2011,18.2
20-10-2011,3.3
21-10-2011,1.0
22-10-2011,0.0
23-10-2011,0.0
24-10-2011,27.7
25-10-2011,0.0
26-10-2011,3.2
27-10-2011,0.3
28-10-2011,10.4
29-10-2011,4.9
30-10-2011,24.7
31-10-2011,0.0
01-11-2011,0.0
02-11-2011,0.0
03-11-2011,1.5
04-11-2011,15.7
05-11-2011,4.3
06-11-2011,4.3
07-11-2011,7.0
08-11-2011,0.0
09-11-2011,0.0
10-11-2011,3.6
11-11-2011,0.0
12-11-2011,0.0
13-11-2011,0.0
14-11-2011,0.0
15-11-2011,0.0
16-11-2011,0.0
17-11-2011,0.0
18-11-2011,0.0
19-11-2011,0.0
20-11-2011,1.9
21-11-2011,0.0
22-11-2011,2.4
23-11-2011,1.8
24-11-2011,0.0
25-11-2011,2.0
26-11-2011,0.0
27-11-2011,0.0
28-11-2011,0.0
29-11-2011,9.2
30-11-2011,1.0
01-12-2011,27.7
02-12-2011,0.0
03-12-2011,0.0
04-12-2011,9.3
05-12-2011,14.7
06-12-2011,5.0
07-12-2011,0.0
08-12-2011,0.0
09-12-2011,0.0
10-12-2011,4.0
11-12-2011,20.5
12-12-2011,0.0
13-12-2011,0.9
14-12-2011,0.2
15-12-2011,0.8
16-12-2011,13.7
17-12-2011,1.1
18-12-2011,1.8
19-12-2011,19.9
20-12-2011,59.0
21-12-2011,34.7
22-12-2011,7.8
23-12-2011,9.0
24-12-2011,2.0
25-12-2011,11.2
26-12-2011,15.3
27-12-2011,0.0
28-12-2011,16.7
29-12-2011,54.5
30-12-2011,0.0
31-12-2011,1.0
01-01-2012,1.4
02-01-2012,0.0
03-01-2012,12.8
04-01-2012,2.8
05-01-2012,0.0
06-01-2012,26.3
07-01-2012,0.8
08-01-2012,1.8
09-01-2012,1.1
10-01-2012,3.5
11-01-2012,5.3
12-01-2012,0.0
13-01-2012,4.6
14-01-2012,1.8
15-01-2012,4.4
16-01-2012,0.0
17-01-2012,9.0
18-01-2012,4.2
19-01-2012,0.3
20-01-2012,0.4
21-01-2012,10.2
22-01-2012,3.8
23-01-2012,0.0
24-01-2012,4.1
25-01-2012,3.6
26-01-2012,0.0
27-01-2012,3.9
28-01-2012,0.0
29-01-2012,0.0
30-01-2012,0.0
31-01-2012,0.8
01-02-2012,3.5
02-02-2012,19.8
03-02-2012,1.7
04-02-2012,0.0
05-02-2012,0.0
06-02-2012,0.0
07-02-2012,60.8
08-02-2012,16.0
09-02-2012,2.3
10-02-2012,23.9
11-02-2012,12.3
12-02-2012,1.7
13-02-2012,15.6
14-02-2012,0.0
15-02-2012,0.0
16-02-2012,15.5
17-02-2012,6.2
18-02-2012,5.8
19-02-2012,18.1
20-02-2012,8.3
21-02-2012,2.0
22-02-2012,1.5
23-02-2012,0.0
24-02-2012,0.0
25-02-2012,0.8
26-02-2012,2.5
27-02-2012,30.4
28-02-2012,27.9
29-02-2012,16.9
01-03-2012,0.0
02-03-2012,1.9
03-03-2012,0.0
04-03-2012,0.6
05-03-2012,0.6
06-03-2012,1.6
07-03-2012,2.1
08-03-2012,0.5
09-03-2012,0.9
10-03-2012,0.3
11-03-2012,2.4
12-03-2012,1.0
13-03-2012,0.0
14-03-2012,0.0
15-03-2012,0.0
16-03-2012,0.0
17-03-2012,0.0
18-03-2012,0.0
19-03-2012,0.0
20-03-2012,0.4
21-03-2012,0.0
22-03-2012,2.4
23-03-2012,4.9
24-03-2012,0.0
25-03-2012,0.0
26-03-2012,7.3
27-03-2012,0.1
28-03-2012,0.0
29-03-2012,0.0
30-03-2012,0.9
31-03-2012,0.9
01-04-2012,3.2
02-04-2012,0.0
03-04-2012,0.0
04-04-2012,5.6
05-04-2012,1.0
06-04-2012,11.3
07-04-2012,1.0
08-04-2012,15.0
09-04-2012,0.0
10-04-2012,4.1
11-04-2012,0.0
12-04-2012,2.8
13-04-2012,0.0
14-04-2012,0.2
15-04-2012,0.5
16-04-2012,15.0
17-04-2012,1.9
18-04-2012,0.0
19-04-2012,15.0
20-04-2012,4.0
21-04-2012,15.2
22-04-2012,0.8
23-04-2012,0.5
24-04-2012,0.0
25-04-2012,0.0
26-04-2012,0.3
27-04-2012,3.7
28-04-2012,1.0
29-04-2012,0.0
30-04-2012,0.0
01-05-2012,7.3
02-05-2012,25.7
03-05-2012,19.9
04-05-2012,22.6
05-05-2012,14.0
06-05-2012,0.0
07-05-2012,11.5
08-05-2012,45.5
09-05-2012,0.0
10-05-2012,0.0
11-05-2012,0.0
12-05-2012,0.0
13-05-2012,0.0
14-05-2012,0.0
15-05-2012,0.0
16-05-2012,0.0
17-05-2012,0.0
18-05-2012,5.3
19-05-2012,3.5
20-05-2012,0.0
21-05-2012,0.2
22-05-2012,0.5
23-05-2012,0.0
24-05-2012,6.8
25-05-2012,6.8
26-05-2012,0.0
27-05-2012,0.0
28-05-2012,0.1
29-05-2012,33.9
30-05-2012,0.0
31-05-2012,21.7
01-06-2012,0.0
02-06-2012,0.8
03-06-2012,1.7
04-06-2012,0.0
05-06-2012,0.0
06-06-2012,0.0
07-06-2012,0.0
08-06-2012,0.0
09-06-2012,0.0
10-06-2012,14.0
11-06-2012,1.6
12-06-2012,4.8
13-06-2012,0.0
14-06-2012,0.0
15-06-2012,1.4
16-06-2012,0.0
17-06-2012,0.0
18-06-2012,0.0
19-06-2012,1.4
20-06-2012,7.0
21-06-2012,0.0
22-06-2012,0.0
23-06-2012,2.7
24-06-2012,0.4
25-06-2012,11.7
26-06-2012,0.2
27-06-2012,0.0
28-06-2012,1.8
29-06-2012,9.4
30-06-2012,7.0
01-07-2012,24.1
02-07-2012,2.7
03-07-2012,0.0
04-07-2012,2.5
05-07-2012,0.0
06-07-2012,5.9
07-07-2012,26.8
08-07-2012,6.8
09-07-2012,0.0
10-07-2012,45.0
11-07-2012,2.1
12-07-2012,8.4
13-07-2012,4.8
14-07-2012,4.4
15-07-2012,24.5
16-07-2012,0.0
17-07-2012,50.6
18-07-2012,11.3
19-07-2012,25.0
20-07-2012,0.4
21-07-2012,0.0
22-07-2012,0.0
23-07-2012,4.5
24-07-2012,0.0
25-07-2012,6.5
26-07-2012,28.9
27-07-2012,0.0
28-07-2012,0.0
29-07-2012,0.0
30-07-2012,0.0
31-07-2012,0.0
01-08-2012,4.0
02-08-2012,2.6
03-08-2012,0.0
04-08-2012,0.6
05-08-2012,0.0
06-08-2012,0.0
07-08-2012,0.0
08-08-2012,0.0
09-08-2012,0.0
10-08-2012,0.0
11-08-2012,7.0
12-08-2012,0.0
13-08-2012,0.0
14-08-2012,0.0
15-08-2012,0.0
16-08-2012,0.0
17-08-2012,0.0
18-08-2012,6.0
19-08-2012,1.1
20-08-2012,6.7
21-08-2012,0.0
22-08-2012,0.5
23-08-2012,8.0
24-08-2012,15.0
25-08-2012,2.1
26-08-2012,3.6
27-08-2012,12.6
28-08-2012,13.0
29-08-2012,0.0
30-08-2012,0.8
31-08-2012,20.6
01-09-2012,0.0
02-09-2012,0.0
03-09-2012,0.0
04-09-2012,0.0
05-09-2012,0.0
06-09-2012,0.0
07-09-2012,0.0
08-09-2012,0.0
09-09-2012,0.0
10-09-2012,0.0
11-09-2012,0.0
12-09-2012,0.0
13-09-2012,0.0
14-09-2012,0.0
15-09-2012,0.0
16-09-2012,0.0
17-09-2012,0.0
18-09-2012,0.0
19-09-2012,0.0
20-09-2012,0.0
21-09-2012,0.0
22-09-2012,0.0
23-09-2012,0.0
24-09-2012,0.0
25-09-2012,0.0
26-09-2012,0.0
27-09-2012,0.0
28-09-2012,0.0
29-09-2012,0.0
30-09-2012,0.0
01-10-2012,0.0
02-10-2012,0.0
03-10-2012,0.0
04-10-2012,0.0
05-10-2012,0.0
06-10-2012,0.0
07-10-2012,0.0
08-10-2012,0.8
09-10-2012,0.1
10-10-2012,0.0
11-10-2012,0.0
12-10-2012,0.0
13-10-2012,0.0
14-10-2012,0.1
15-10-2012,0.0
16-10-2012,7.4
17-10-2012,0.0
18-10-2012,0.5
19-10-2012,0.0
20-10-2012,10.8
21-10-2012,1.6
22-10-2012,0.5
23-10-2012,0.3
24-10-2012,1.0
25-10-2012,2.4
26-10-2012,0.0
27-10-2012,0.0
28-10-2012,0.9
29-10-2012,1.7
30-10-2012,2.8
31-10-2012,3.0
01-11-2012,16.3
02-11-2012,5.1
03-11-2012,11.3
04-11-2012,4.0
05-11-2012,0.0
06-11-2012,10.8
07-11-2012,0.0
08-11-2012,0.0
09-11-2012,0.0
10-11-2012,2.5
11-11-2012,5.0
12-11-2012,0.0
13-11-2012,0.0
14-11-2012,0.0
15-11-2012,1.0
16-11-2012,5.5
17-11-2012,0.5
18-11-2012,0.0
19-11-2012,3.4
20-11-2012,0.6
21-11-2012,0.0
22-11-2012,0.0
23-11-2012,0.0
24-11-2012,11.6
25-11-2012,0.5
26-11-2012,0.0
27-11-2012,0.0
28-11-2012,0.0
29-11-2012,8.6
30-11-2012,0.0
01-12-2012,0.0
02-12-2012,0.0
03-12-2012,1.1
04-12-2012,0.4
05-12-2012,0.0
06-12-2012,1.5
07-12-2012,0.5
08-12-2012,0.7
09-12-2012,4.1
10-12-2012,0.9
11-12-2012,0.9
12-12-2012,0.0
13-12-2012,0.0
14-12-2012,6.4
15-12-2012,13.5
16-12-2012,0.0
17-12-2012,0.0
18-12-2012,0.0
19-12-2012,0.0
20-12-2012,6.0
21-12-2012,2.4
22-12-2012,0.0
23-12-2012,1.5
24-12-2012,0.3
25-12-2012,0.0
26-12-2012,0.0
27-12-2012,3.2
28-12-2012,0.0
29-12-2012,0.2
30-12-2012,4.3
31-12-2012,3.3
01-01-2013,0.0
02-01-2013,0.0
03-01-2013,0.0
04-01-2013,12.5
05-01-2013,3.1
06-01-2013,0.0
07-01-2013,7.9
08-01-2013,0.0
09-01-2013,1.5
10-01-2013,0.0
11-01-2013,0.0
12-01-2013,6.9
13-01-2013,2.7
14-01-2013,1.5
15-01-2013,1.0
16-01-2013,2.5
17-01-2013,0.2
18-01-2013,2.3
19-01-2013,2.3
20-01-2013,3.6
21-01-2013,5.0
22-01-2013,0.0
23-01-2013,3.5
24-01-2013,2.5
25-01-2013,0.0
26-01-2013,2.0
27-01-2013,0.0
28-01-2013,17.1
29-01-2013,2.8
30-01-2013,0.6
31-01-2013,0.0
01-02-2013,1.0
02-02-2013,12.0
03-02-2013,0.0
04-02-2013,0.0
05-02-2013,94.0
06-02-2013,2.0
07-02-2013,39.5
08-02-2013,81.6
09-02-2013,53.8
10-02-2013,1.9
11-02-2013,16.0
12-02-2013,2.2
13-02-2013,23.3
14-02-2013,25.2
15-02-2013,0.9
16-02-2013,61.0
17-02-2013,1.1
18-02-2013,1.6
19-02-2013,43.3
20-02-2013,13.5
21-02-2013,38.5
22-02-2013,2.2
23-02-2013,23.4
24-02-2013,7.0
25-02-2013,22.7
26-02-2013,1.0
27-02-2013,0.0
28-02-2013,18.5
01-03-2013,0.0
02-03-2013,0.0
03-03-2013,0.0
04-03-2013,5.2
05-03-2013,1.3
06-03-2013,0.5
07-03-2013,0.0
08-03-2013,5.5
09-03-2013,0.1
10-03-2013,0.0
11-03-2013,4.5
12-03-2013,3.4
13-03-2013,3.7
14-03-2013,0.3
15-03-2013,0.0
16-03-2013,0.0
17-03-2013,2.5
18-03-2013,0.0
19-03-2013,2.0
20-03-2013,3.5
21-03-2013,1.6
22-03-2013,0.0
23-03-2013,1.6
24-03-2013,0.3
25-03-2013,1.6
26-03-2013,1.5
27-03-2013,0.0
28-03-2013,0.0
29-03-2013,1.7
30-03-2013,2.0
31-03-2013,0.0
01-04-2013,0.0
02-04-2013,0.0
03-04-2013,7.7
04-04-2013,3.3
05-04-2013,2.1
06-04-2013,12.4
07-04-2013,1.0
08-04-2013,36.6
09-04-2013,0.0
10-04-2013,0.6
11-04-2013,0.0
12-04-2013,19.5
13-04-2013,11.0
14-04-2013,11.0
15-04-2013,11.0
16-04-2013,16.0
17-04-2013,0.0
18-04-2013,0.0
19-04-2013,9.1
20-04-2013,17.3
21-04-2013,0.0
22-04-2013,9.9
23-04-2013,0.0
24-04-2013,3.1
25-04-2013,1.5
26-04-2013,0.0
27-04-2013,5.5
28-04-2013,5.5
29-04-2013,3.4
30-04-2013,24.0
01-05-2013,0.0
02-05-2013,24.0
03-05-2013,1.5
04-05-2013,8.5
05-05-2013,0.0
06-05-2013,0.5
07-05-2013,1.9
08-05-2013,0.0
09-05-2013,27.8
10-05-2013,0.0
11-05-2013,4.0
12-05-2013,14.8
13-05-2013,0.3
14-05-2013,19.4
15-05-2013,12.5
16-05-2013,7.7
17-05-2013,10.5
18-05-2013,0.0
19-05-2013,44.2
20-05-2013,26.9
21-05-2013,17.5
22-05-2013,2.2
23-05-2013,10.2
24-05-2013,4.3
25-05-2013,2.5
26-05-2013,10.5
27-05-2013,1.7
28-05-2013,2.1
29-05-2013,15.0
30-05-2013,7.9
31-05-2013,7.4
01-06-2013,0.3
02-06-2013,5.0
03-06-2013,2.6
04-06-2013,2.6
05-06-2013,18.9
06-06-2013,0.0
07-06-2013,13.2
08-06-2013,24.4
09-06-2013,8.4
10-06-2013,1.5
11-06-2013,0.6
12-06-2013,0.0
13-06-2013,5.3
14-06-2013,4.9
15-06-2013,0.0
16-06-2013,0.0
17-06-2013,10.5
18-06-2013,10.0
19-06-2013,0.0
20-06-2013,0.0
21-06-2013,0.0
22-06-2013,6.0
23-06-2013,0.0
24-06-2013,0.0
25-06-2013,8.0
26-06-2013,2.6
27-06-2013,0.0
28-06-2013,0.2
29-06-2013,5.0
30-06-2013,4.5
01-07-2013,23.0
02-07-2013,0.4
03-07-2013,3.1
04-07-2013,3.5
05-07-2013,11.3
06-07-2013,3.2
07-07-2013,16.9
08-07-2013,4.7
09-07-2013,0.4
10-07-2013,0.0
11-07-2013,5.2
12-07-2013,2.1
13-07-2013,0.4
14-07-2013,0.5
15-07-2013,22.4
16-07-2013,21.7
17-07-2013,0.5
18-07-2013,21.6
19-07-2013,7.8
20-07-2013,1.3
21-07-2013,0.9
22-07-2013,0.0
23-07-2013,0.0
24-07-2013,0.8
25-07-2013,5.9
26-07-2013,0.1
27-07-2013,0.0
28-07-2013,7.6
29-07-2013,0.0
30-07-2013,7.3
31-07-2013,0.8
01-08-2013,0.0
02-08-2013,2.5
03-08-2013,1.2
04-08-2013,27.8
05-08-2013,0.0
06-08-2013,2.5
07-08-2013,2.5
08-08-2013,5.2
09-08-2013,21.6
10-08-2013,2.8
11-08-2013,0.1
12-08-2013,0.0
13-08-2013,0.0
14-08-2013,0.0
15-08-2013,4.7
16-08-2013,0.0
17-08-2013,2.0
18-08-2013,0.0
19-08-2013,0.0
20-08-2013,8.4
21-08-2013,0.0
22-08-2013,0.0
23-08-2013,0.0
24-08-2013,0.0
25-08-2013,12.8
26-08-2013,12.8
27-08-2013,0.0
28-08-2013,3.4
29-08-2013,17.8
30-08-2013,28.1
31-08-2013,1.0
01-09-2013,5.5
02-09-2013,11.1
03-09-2013,11.8
04-09-2013,17.0
05-09-2013,11.4
06-09-2013,1.0
07-09-2013,13.8
08-09-2013,0.0
09-09-2013,0.3
10-09-2013,0.1
11-09-2013,0.0
12-09-2013,10.6
13-09-2013,0.0
14-09-2013,14.4
15-09-2013,8.7
16-09-2013,0.0
17-09-2013,8.2
18-09-2013,16.2
19-09-2013,0.0
20-09-2013,0.0
21-09-2013,0.0
22-09-2013,0.0
23-09-2013,0.0
24-09-2013,0.0
25-09-2013,0.0
26-09-2013,0.0
27-09-2013,0.0
28-09-2013,0.0
29-09-2013,6.2
30-09-2013,1.5
01-10-2013,0.0
02-10-2013,0.0
03-10-2013,0.0
04-10-2013,0.0
05-10-2013,1.7
06-10-2013,0.3
07-10-2013,0.0
08-10-2013,0.3
09-10-2013,1.0
10-10-2013,0.0
11-10-2013,0.0
12-10-2013,0.1
13-10-2013,0.0
14-10-2013,0.0
15-10-2013,0.0
16-10-2013,0.0
17-10-2013,0.0
18-10-2013,0.0
19-10-2013,0.0
20-10-2013,0.9
21-10-2013,0.0
22-10-2013,3.0
23-10-2013,2.0
24-10-2013,0.4
25-10-2013,0.0
26-10-2013,0.0
27-10-2013,0.0
28-10-2013,5.3
29-10-2013,1.5
30-10-2013,2.5
31-10-2013,5.1
01-11-2013,0.0
02-11-2013,3.3
03-11-2013,8.0
04-11-2013,0.7
05-11-2013,27.5
06-11-2013,40.1
07-11-2013,34.5
08-11-2013,5.0
09-11-2013,0.0
10-11-2013,0.0
11-11-2013,0.0
12-11-2013,16.3
13-11-2013,0.0
14-11-2013,0.0
15-11-2013,0.0
16-11-2013,0.0
17-11-2013,48.8
18-11-2013,18.0
19-11-2013,0.0
20-11-2013,10.6
21-11-2013,49.4
22-11-2013,2.1
23-11-2013,0.0
24-11-2013,11.8
25-11-2013,63.5
26-11-2013,0.0
27-11-2013,2.0
28-11-2013,0.0
29-11-2013,66.2
30-11-2013,45.2
01-12-2013,0.3
02-12-2013,1.1
03-12-2013,0.7
04-12-2013,0.7
05-12-2013,0.0
06-12-2013,1.4
07-12-2013,0.0
08-12-2013,11.3
09-12-2013,0.2
10-12-2013,32.6
11-12-2013,0.0
12-12-2013,16.0
13-12-2013,7.1
14-12-2013,0.2
15-12-2013,7.5
16-12-2013,1.2
17-12-2013,30.0
18-12-2013,6.5
19-12-2013,16.2
20-12-2013,1.6
21-12-2013,8.9
22-12-2013,2.0
23-12-2013,7.2
24-12-2013,8.5
25-12-2013,5.4
26-12-2013,8.4
27-12-2013,4.7
28-12-2013,0.0
29-12-2013,11.8
30-12-2013,8.1
31-12-2013,12.3
01-01-2014,21.1
02-01-2014,1.0
03-01-2014,1.0
04-01-2014,8.8
05-01-2014,5.1
06-01-2014,25.7
07-01-2014,6.3
08-01-2014,0.0
09-01-2014,5.3
10-01-2014,8.3
11-01-2014,2.2
12-01-2014,12.2
13-01-2014,1.1
14-01-2014,7.5
15-01-2014,7.1
16-01-2014,2.0
17-01-2014,1.2
18-01-2014,2.3
19-01-2014,16.3
20-01-2014,0.0
21-01-2014,0.5
22-01-2014,0.0
23-01-2014,0.8
24-01-2014,0.0
25-01-2014,0.6
26-01-2014,6.7
27-01-2014,1.4
28-01-2014,6.5
29-01-2014,5.4
30-01-2014,2.5
31-01-2014,0.0
01-02-2014,0.0
02-02-2014,0.0
03-02-2014,0.0
04-02-2014,0.0
05-02-2014,0.0
06-02-2014,0.0
07-02-2014,0.0
08-02-2014,0.0
09-02-2014,13.2
10-02-2014,11.5
11-02-2014,4.8
12-02-2014,2.7
13-02-2014,0.0
14-02-2014,4.0
15-02-2014,0.0
16-02-2014,2.4
17-02-2014,0.0
18-02-2014,1.0
19-02-2014,0.0
20-02-2014,15.7
21-02-2014,6.3
22-02-2014,3.8
23-02-2014,0.0
24-02-2014,15.0
25-02-2014,0.0
26-02-2014,5.1
27-02-2014,0.0
28-02-2014,0.0
01-03-2014,0.0
02-03-2014,0.0
03-03-2014,4.7
04-03-2014,1.6
05-03-2014,0.0
06-03-2014,28.5
07-03-2014,1.9
08-03-2014,0.0
09-03-2014,0.0
10-03-2014,0.0
11-03-2014,0.0
12-03-2014,0.0
13-03-2014,0.0
14-03-2014,2.8
15-03-2014,1.1
16-03-2014,4.0
17-03-2014,1.5
18-03-2014,0.0
19-03-2014,0.0
20-03-2014,3.5
21-03-2014,12.6
22-03-2014,0.0
23-03-2014,10.8
24-03-2014,16.4
25-03-2014,0.6
26-03-2014,9.6
27-03-2014,0.0
28-03-2014,0.0
29-03-2014,0.5
30-03-2014,0.1
31-03-2014,14.8
01-04-2014,3.3
02-04-2014,4.2
03-04-2014,0.5
04-04-2014,2.0
05-04-2014,32.4
06-04-2014,9.8
07-04-2014,25.2
08-04-2014,1.0
09-04-2014,23.4
10-04-2014,0.0
11-04-2014,0.0
12-04-2014,9.3
13-04-2014,5.3
14-04-2014,0.0
15-04-2014,13.2
16-04-2014,8.6
17-04-2014,5.7
18-04-2014,0.0
19-04-2014,1.5
20-04-2014,0.6
21-04-2014,0.0
22-04-2014,36.0
23-04-2014,1.8
24-04-2014,9.2
25-04-2014,5.9
26-04-2014,5.0
27-04-2014,0.0
28-04-2014,0.0
29-04-2014,0.0
30-04-2014,7.0
01-05-2014,0.0
02-05-2014,0.0
03-05-2014,21.5
04-05-2014,0.0
05-05-2014,0.0
06-05-2014,0.0
07-05-2014,0.0
08-05-2014,1.0
09-05-2014,0.0
10-05-2014,4.0
11-05-2014,0.0
12-05-2014,9.5
13-05-2014,5.0
14-05-2014,0.0
15-05-2014,8.4
16-05-2014,11.7
17-05-2014,11.0
18-05-2014,2.3
19-05-2014,15.5
20-05-2014,8.1
21-05-2014,2.9
22-05-2014,10.9
23-05-2014,0.0
24-05-2014,0.0
25-05-2014,4.7
26-05-2014,0.0
27-05-2014,0.9
28-05-2014,23.6
29-05-2014,9.0
30-05-2014,1.5
31-05-2014,0.0
01-06-2014,6.5
02-06-2014,9.5
03-06-2014,4.2
04-06-2014,0.0
05-06-2014,0.0
06-06-2014,0.4
07-06-2014,3.4
08-06-2014,8.3
09-06-2014,14.3
10-06-2014,0.0
11-06-2014,26.9
12-06-2014,12.1
13-06-2014,0.0
14-06-2014,11.8
15-06-2014,1.3
16-06-2014,13.5
17-06-2014,0.0
18-06-2014,0.0
19-06-2014,8.9
20-06-2014,5.9
21-06-2014,26.4
22-06-2014,0.0
23-06-2014,0.8
24-06-2014,2.0
25-06-2014,0.0
26-06-2014,0.0
27-06-2014,5.3
28-06-2014,25.5
29-06-2014,3.3
30-06-2014,8.9
01-07-2014,20.0
02-07-2014,0.0
03-07-2014,1.1
04-07-2014,0.0
05-07-2014,5.7
06-07-2014,5.4
07-07-2014,10.9
08-07-2014,0.0
09-07-2014,5.4
10-07-2014,5.4
11-07-2014,5.4
12-07-2014,0.0
13-07-2014,0.0
14-07-2014,4.6
15-07-2014,4.4
16-07-2014,0.2
17-07-2014,0.0
18-07-2014,0.0
19-07-2014,0.0
20-07-2014,0.0
21-07-2014,12.5
22-07-2014,0.9
23-07-2014,2.7
24-07-2014,0.0
25-07-2014,0.0
26-07-2014,0.0
27-07-2014,0.0
28-07-2014,0.0
29-07-2014,0.0
30-07-2014,0.0
31-07-2014,0.0
01-08-2014,0.0
02-08-2014,6.7
03-08-2014,14.9
04-08-2014,0.2
05-08-2014,0.1
06-08-2014,0.0
07-08-2014,0.0
08-08-2014,18.0
09-08-2014,5.4
10-08-2014,19.3
11-08-2014,0.3
12-08-2014,0.0
13-08-2014,0.0
14-08-2014,0.0
15-08-2014,18.8
16-08-2014,0.5
17-08-2014,0.0
18-08-2014,0.0
19-08-2014,4.7
20-08-2014,1.2
21-08-2014,1.2
22-08-2014,1.7
23-08-2014,2.8
24-08-2014,11.1
25-08-2014,5.9
26-08-2014,0.0
27-08-2014,2.0
28-08-2014,1.4
29-08-2014,6.0
30-08-2014,4.2
31-08-2014,0.0
01-09-2014,0.0
02-09-2014,0.0
03-09-2014,0.0
04-09-2014,0.0
05-09-2014,0.0
06-09-2014,0.0
07-09-2014,0.0
08-09-2014,0.0
09-09-2014,0.0
10-09-2014,0.0
11-09-2014,0.0
12-09-2014,0.0
13-09-2014,0.0
14-09-2014,0.0
15-09-2014,0.0
16-09-2014,0.0
17-09-2014,0.0
18-09-2014,0.0
19-09-2014,0.0
20-09-2014,0.0
21-09-2014,0.0
22-09-2014,0.0
23-09-2014,0.0
24-09-2014,0.0
25-09-2014,0.0
26-09-2014,0.0
27-09-2014,0.0
28-09-2014,0.0
29-09-2014,0.0
30-09-2014,0.0
01-10-2014,0.0
02-10-2014,0.0
03-10-2014,0.0
04-10-2014,0.0
05-10-2014,0.0
06-10-2014,0.0
07-10-2014,0.0
08-10-2014,0.0
09-10-2014,0.0
10-10-2014,0.0
11-10-2014,0.0
12-10-2014,0.0
13-10-2014,0.0
14-10-2014,0.0
15-10-2014,0.0
16-10-2014,0.0
17-10-2014,0.0
18-10-2014,0.0
19-10-2014,0.0
20-10-2014,0.0
21-10-2014,0.0
22-10-2014,0.0
23-10-2014,0.0
24-10-2014,0.0
25-10-2014,0.0
26-10-2014,0.0
27-10-2014,0.0
28-10-2014,0.0
29-10-2014,0.0
30-10-2014,0.0
31-10-2014,0.0
01-11-2014,0.0
02-11-2014,0.0
03-11-2014,0.0
04-11-2014,0.0
05-11-2014,0.0
06-11-2014,0.0
07-11-2014,0.0
08-11-2014,12.0
09-11-2014,1.2
10-11-2014,1.5
11-11-2014,6.5
12-11-2014,10.7
13-11-2014,0.1
14-11-2014,2.5
15-11-2014,0.0
16-11-2014,5.5
17-11-2014,9.5
18-11-2014,0.0
19-11-2014,0.0
20-11-2014,1.5
21-11-2014,2.5
22-11-2014,1.2
23-11-2014,0.0
24-11-2014,0.0
25-11-2014,1.6
26-11-2014,0.0
27-11-2014,2.2
28-11-2014,0.0
29-11-2014,2.2
30-11-2014,2.0
01-12-2014,0.0
02-12-2014,0.0
03-12-2014,2.4
04-12-2014,4.3
05-12-2014,15.6
06-12-2014,26.8
07-12-2014,3.2
08-12-2014,28.0
09-12-2014,28.0
10-12-2014,16.0
11-12-2014,15.9
12-12-2014,1.2
13-12-2014,0.0
14-12-2014,3.5
15-12-2014,44.3
16-12-2014,5.0
17-12-2014,2.1
18-12-2014,41.3
19-12-2014,0.0
20-12-2014,29.6
21-12-2014,11.7
22-12-2014,6.5
23-12-2014,0.0
24-12-2014,35.5
25-12-2014,17.5
26-12-2014,0.0
27-12-2014,0.0
28-12-2014,0.0
29-12-2014,0.0
30-12-2014,0.0
31-12-2014,3.0
01-01-2015,4.0
02-01-2015,0.0
03-01-2015,0.3
04-01-2015,19.0
05-01-2015,1.5
06-01-2015,6.1
07-01-2015,2.2
08-01-2015,6.0
09-01-2015,4.3
10-01-2015,0.2
11-01-2015,0.3
12-01-2015,0.5
13-01-2015,1.5
14-01-2015,3.5
15-01-2015,17.0
16-01-2015,3.7
17-01-2015,4.4
18-01-2015,23.1
19-01-2015,39.0
20-01-2015,22.7
21-01-2015,14.6
22-01-2015,4.2
23-01-2015,5.8
24-01-2015,0.0
25-01-2015,3.3
26-01-2015,7.5
27-01-2015,0.0
28-01-2015,3.5
29-01-2015,7.1
30-01-2015,34.5
31-01-2015,8.0
01-02-2015,0.0
02-02-2015,0.0
03-02-2015,0.0
04-02-2015,1.6
05-02-2015,32.9
06-02-2015,11.3
07-02-2015,9.8
08-02-2015,0.0
09-02-2015,10.3
10-02-2015,32.3
11-02-2015,25.0
12-02-2015,30.8
13-02-2015,24.3
14-02-2015,2.0
15-02-2015,3.9
16-02-2015,0.0
17-02-2015,16.3
18-02-2015,16.3
19-02-2015,42.5
20-02-2015,1.0
21-02-2015,2.0
22-02-2015,16.1
23-02-2015,0.0
24-02-2015,15.4
25-02-2015,15.4
26-02-2015,0.0
27-02-2015,14.8
28-02-2015,13.0
01-03-2015,0.0
02-03-2015,0.0
03-03-2015,4.5
04-03-2015,15.2
05-03-2015,1.0
06-03-2015,0.0
07-03-2015,1.0
08-03-2015,1.0
09-03-2015,34.7
10-03-2015,0.0
11-03-2015,5.7
12-03-2015,5.7
13-03-2015,26.2
14-03-2015,7.3
15-03-2015,0.0
16-03-2015,24.5
17-03-2015,7.9
18-03-2015,10.2
19-03-2015,8.1
20-03-2015,23.2
21-03-2015,4.8
22-03-2015,6.1
23-03-2015,22.5
24-03-2015,9.1
25-03-2015,1.5
26-03-2015,0.6
27-03-2015,8.5
28-03-2015,0.0
29-03-2015,0.0
30-03-2015,0.0
31-03-2015,0.0
01-04-2015,0.0
02-04-2015,0.0
03-04-2015,1.0
04-04-2015,1.0
05-04-2015,8.5
06-04-2015,0.0
07-04-2015,1.8
08-04-2015,10.7
09-04-2015,0.0
10-04-2015,0.0
11-04-2015,8.6
12-04-2015,39.1
13-04-2015,22.3
14-04-2015,0.0
15-04-2015,0.0
16-04-2015,10.4
17-04-2015,3.3
18-04-2015,0.0
19-04-2015,0.0
20-04-2015,0.0
21-04-2015,17.3
22-04-2015,5.1
23-04-2015,0.2
24-04-2015,1.6
25-04-2015,8.1
26-04-2015,24.2
27-04-2015,0.0
28-04-2015,2.8
29-04-2015,5.9
30-04-2015,0.0
01-05-2015,10.1
02-05-2015,0.0
03-05-2015,2.3
04-05-2015,0.0
05-05-2015,8.7
06-05-2015,9.0
07-05-2015,5.0
08-05-2015,6.3
09-05-2015,5.2
10-05-2015,0.0
11-05-2015,0.0
12-05-2015,0.0
13-05-2015,7.5
14-05-2015,5.5
15-05-2015,4.3
16-05-2015,10.1
17-05-2015,5.4
18-05-2015,9.8
19-05-2015,9.8
20-05-2015,0.0
21-05-2015,0.0
22-05-2015,0.0
23-05-2015,24.2
24-05-2015,1.9
25-05-2015,19.2
26-05-2015,0.0
27-05-2015,0.0
28-05-2015,1.0
29-05-2015,8.3
30-05-2015,2.5
31-05-2015,0.0
01-06-2015,0.0
02-06-2015,3.2
03-06-2015,4.2
04-06-2015,7.7
05-06-2015,4.5
06-06-2015,12.0
07-06-2015,39.9
08-06-2015,16.0
09-06-2015,15.0
10-06-2015,24.0
11-06-2015,4.2
12-06-2015,11.9
13-06-2015,3.9
14-06-2015,29.9
15-06-2015,55.2
16-06-2015,66.8
17-06-2015,2.5
18-06-2015,23.4
19-06-2015,14.9
20-06-2015,35.9
21-06-2015,23.6
22-06-2015,23.6
23-06-2015,5.4
24-06-2015,27.3
25-06-2015,1.1
26-06-2015,4.7
27-06-2015,21.4
28-06-2015,13.9
29-06-2015,21.2
30-06-2015,7.3
01-07-2015,0.0
02-07-2015,6.8
03-07-2015,0.5
04-07-2015,0.0
05-07-2015,1.8
06-07-2015,0.0
07-07-2015,1.5
08-07-2015,0.0
09-07-2015,0.0
10-07-2015,1.2
11-07-2015,1.2
12-07-2015,1.2
13-07-2015,0.0
14-07-2015,1.1
15-07-2015,0.0
16-07-2015,1.0
17-07-2015,0.0
18-07-2015,0.0
19-07-2015,0.5
20-07-2015,0.9
21-07-2015,0.0
22-07-2015,12.8
23-07-2015,1.4
24-07-2015,12.3
25-07-2015,0.0
26-07-2015,7.5
27-07-2015,1.0
28-07-2015,2.0
29-07-2015,2.0
30-07-2015,4.7
31-07-2015,0.6
01-08-2015,0.0
02-08-2015,0.0
03-08-2015,0.0
04-08-2015,0.0
05-08-2015,0.0
06-08-2015,0.0
07-08-2015,0.0
08-08-2015,0.0
09-08-2015,0.0
10-08-2015,0.0
11-08-2015,0.0
12-08-2015,0.0
13-08-2015,0.0
14-08-2015,0.0
15-08-2015,0.5
16-08-2015,0.0
17-08-2015,0.0
18-08-2015,2.6
19-08-2015,1.0
20-08-2015,0.0
21-08-2015,2.4
22-08-2015,2.4
23-08-2015,2.4
24-08-2015,0.0
25-08-2015,0.0
26-08-2015,0.0
27-08-2015,0.0
28-08-2015,0.4
29-08-2015,0.4
30-08-2015,0.0
31-08-2015,0.0
01-09-2015,0.0
02-09-2015,0.0
03-09-2015,0.0
04-09-2015,0.0
05-09-2015,0.0
06-09-2015,0.0
07-09-2015,0.0
08-09-2015,0.0
09-09-2015,0.0
10-09-2015,0.0
11-09-2015,0.0
12-09-2015,0.0
13-09-2015,0.0
14-09-2015,0.0
15-09-2015,0.0
16-09-2015,0.0
17-09-2015,0.0
18-09-2015,0.0
19-09-2015,0.0
20-09-2015,0.0
21-09-2015,0.0
22-09-2015,0.0
23-09-2015,0.0
24-09-2015,0.0
25-09-2015,0.0
26-09-2015,0.0
27-09-2015,0.0
28-09-2015,0.0
29-09-2015,0.0
30-09-2015,0.0
01-10-2015,0.0
02-10-2015,0.0
03-10-2015,0.0
04-10-2015,0.0
05-10-2015,0.0
06-10-2015,0.0
07-10-2015,0.0
08-10-2015,0.0
09-10-2015,0.0
10-10-2015,0.0
11-10-2015,0.3
12-10-2015,0.0
13-10-2015,1.3
14-10-2015,0.0
15-10-2015,0.0
16-10-2015,0.0
17-10-2015,0.0
18-10-2015,0.0
19-10-2015,0.0
20-10-2015,0.0
21-10-2015,0.0
22-10-2015,0.0
23-10-2015,0.0
24-10-2015,0.0
25-10-2015,0.0
26-10-2015,0.7
27-10-2015,0.0
28-10-2015,0.0
29-10-2015,0.1
30-10-2015,0.1
31-10-2015,1.1
01-11-2015,0.0
02-11-2015,0.0
03-11-2015,0.0
04-11-2015,0.0
05-11-2015,0.4
06-11-2015,4.2
07-11-2015,0.8
08-11-2015,0.8
09-11-2015,7.9
10-11-2015,0.0
11-11-2015,0.0
12-11-2015,2.9
13-11-2015,1.1
14-11-2015,0.7
15-11-2015,2.6
16-11-2015,0.0
17-11-2015,0.0
18-11-2015,1.3
19-11-2015,3.1
20-11-2015,0.0
21-11-2015,2.9
22-11-2015,0.0
23-11-2015,0.0
24-11-2015,0.0
25-11-2015,1.2
26-11-2015,0.0
27-11-2015,13.2
28-11-2015,4.4
29-11-2015,14.1
30-11-2015,0.7
01-12-2015,0.0
02-12-2015,0.0
03-12-2015,0.0
04-12-2015,0.0
05-12-2015,0.0
06-12-2015,0.0
07-12-2015,7.2
08-12-2015,0.0
09-12-2015,0.0
10-12-2015,0.0
11-12-2015,0.7
12-12-2015,0.7
13-12-2015,7.8
14-12-2015,0.0
15-12-2015,7.2
16-12-2015,7.2
17-12-2015,7.2
18-12-2015,0.0
19-12-2015,0.0
20-12-2015,12.1
21-12-2015,6.7
22-12-2015,0.0
23-12-2015,1.4
24-12-2015,0.0
25-12-2015,0.0
26-12-2015,0.0
27-12-2015,0.0
28-12-2015,0.0
29-12-2015,4.9
30-12-2015,1.0
31-12-2015,5.0
01-01-2016,0.0
02-01-2016,0.0
03-01-2016,0.0
04-01-2016,0.0
05-01-2016,5.3
06-01-2016,0.0
07-01-2016,3.0
08-01-2016,0.0
09-01-2016,3.7
10-01-2016,0.0
11-01-2016,0.0
12-01-2016,3.0
13-01-2016,3.0
14-01-2016,3.0
15-01-2016,0.0
16-01-2016,0.0
17-01-2016,2.6
18-01-2016,4.2
19-01-2016,0.0
20-01-2016,2.5
21-01-2016,1.5
22-01-2016,1.5
23-01-2016,2.2
24-01-2016,0.0
25-01-2016,3.7
26-01-2016,3.7
27-01-2016,0.0
28-01-2016,0.0
29-01-2016,0.0
30-01-2016,0.0
31-01-2016,0.0
01-02-2016,0.5
02-02-2016,0.0
03-02-2016,12.2
04-02-2016,9.1
05-02-2016,0.0
06-02-2016,0.0
07-02-2016,0.0
08-02-2016,0.0
09-02-2016,2.7
10-02-2016,0.0
11-02-2016,2.4
12-02-2016,2.4
13-02-2016,0.0
14-02-2016,2.3
15-02-2016,2.3
16-02-2016,0.0
17-02-2016,2.1
18-02-2016,4.5
19-02-2016,4.5
20-02-2016,0.0
21-02-2016,0.0
22-02-2016,0.0
23-02-2016,2.0
24-02-2016,13.0
25-02-2016,5.1
26-02-2016,0.8
27-02-2016,0.0
28-02-2016,2.4
29-02-2016,2.4
01-03-2016,6.4
02-03-2016,0.0
03-03-2016,7.5
04-03-2016,1.8
05-03-2016,3.9
06-03-2016,0.0
07-03-2016,0.0
08-03-2016,3.0
09-03-2016,0.0
10-03-2016,2.5
11-03-2016,0.0
12-03-2016,0.0
13-03-2016,3.1
14-03-2016,0.0
15-03-2016,1.5
16-03-2016,0.0
17-03-2016,12.9
18-03-2016,2.5
19-03-2016,0.0
20-03-2016,5.3
21-03-2016,1.0
22-03-2016,0.0
23-03-2016,5.5
24-03-2016,11.1
25-03-2016,5.8
26-03-2016,0.0
27-03-2016,5.2
28-03-2016,7.3
29-03-2016,0.0
30-03-2016,5.0
31-03-2016,3.0
01-04-2016,0.0
02-04-2016,0.0
03-04-2016,0.0
04-04-2016,4.4
05-04-2016,0.0
06-04-2016,0.0
07-04-2016,0.0
08-04-2016,0.0
09-04-2016,0.6
10-04-2016,0.6
11-04-2016,0.4
12-04-2016,0.5
13-04-2016,0.5
14-04-2016,0.0
15-04-2016,0.5
16-04-2016,3.3
17-04-2016,0.7
18-04-2016,1.6
19-04-2016,2.5
20-04-2016,0.0
21-04-2016,3.9
22-04-2016,0.0
23-04-2016,0.0
24-04-2016,0.0
25-04-2016,3.4
26-04-2016,3.4
27-04-2016,1.7
28-04-2016,1.6
29-04-2016,1.1
30-04-2016,1.7
01-05-2016,32.8
02-05-2016,32.8
03-05-2016,32.8
04-05-2016,32.8
05-05-2016,0.0
06-05-2016,26.2
07-05-2016,0.0
08-05-2016,7.8
09-05-2016,20.6
10-05-2016,7.5
11-05-2016,0.0
12-05-2016,17.6
13-05-2016,5.0
14-05-2016,3.0
15-05-2016,12.5
16-05-2016,0.0
17-05-2016,14.5
18-05-2016,5.8
19-05-2016,0.4
20-05-2016,13.3
21-05-2016,41.5
22-05-2016,8.0
23-05-2016,3.1
24-05-2016,27.8
25-05-2016,14.4
26-05-2016,0.0
27-05-2016,0.0
28-05-2016,1.5
29-05-2016,12.8
30-05-2016,18.8
31-05-2016,13.1
01-06-2016,1.5
02-06-2016,5.3
03-06-2016,0.0
04-06-2016,5.9
05-06-2016,7.9
06-06-2016,4.1
07-06-2016,0.0
08-06-2016,1.4
09-06-2016,0.5
10-06-2016,5.2
11-06-2016,3.5
12-06-2016,0.4
13-06-2016,3.0
14-06-2016,3.0
15-06-2016,1.3
16-06-2016,2.9
17-06-2016,0.0
18-06-2016,0.0
19-06-2016,2.9
20-06-2016,2.6
21-06-2016,2.6
22-06-2016,0.4
23-06-2016,2.5
24-06-2016,15.4
25-06-2016,3.0
26-06-2016,3.0
27-06-2016,16.6
28-06-2016,10.0
29-06-2016,6.0
30-06-2016,0.0
01-07-2016,0.0
02-07-2016,1.6
03-07-2016,0.0
04-07-2016,3.5
05-07-2016,0.0
06-07-2016,7.0
07-07-2016,0.0
08-07-2016,0.0
09-07-2016,0.0
10-07-2016,0.0
11-07-2016,0.0
12-07-2016,0.0
13-07-2016,4.1
14-07-2016,0.0
15-07-2016,0.0
16-07-2016,1.1
17-07-2016,0.0
18-07-2016,6.2
19-07-2016,0.0
20-07-2016,1.2
21-07-2016,10.3
22-07-2016,1.7
23-07-2016,8.7
24-07-2016,0.2
25-07-2016,4.4
26-07-2016,2.0
27-07-2016,15.6
28-07-2016,6.5
29-07-2016,12.5
30-07-2016,16.3
31-07-2016,3.4
01-08-2016,0.0
02-08-2016,0.0
03-08-2016,0.0
04-08-2016,0.0
05-08-2016,0.0
06-08-2016,0.0
07-08-2016,0.0
08-08-2016,0.0
09-08-2016,0.0
10-08-2016,0.0
11-08-2016,0.0
12-08-2016,0.0
13-08-2016,0.0
14-08-2016,0.2
15-08-2016,3.0
16-08-2016,1.8
17-08-2016,1.8
18-08-2016,0.0
19-08-2016,0.0
20-08-2016,0.0
21-08-2016,3.9
22-08-2016,0.5
23-08-2016,2.1
24-08-2016,0.0
25-08-2016,0.0
26-08-2016,0.0
27-08-2016,0.3
28-08-2016,2.0
29-08-2016,0.0
30-08-2016,0.2
31-08-2016,0.0
01-09-2016,11.5
02-09-2016,4.5
03-09-2016,9.5
04-09-2016,0.0
05-09-2016,6.4
06-09-2016,6.4
07-09-2016,0.2
08-09-2016,0.0
09-09-2016,4.8
10-09-2016,4.8
11-09-2016,4.8
12-09-2016,0.0
13-09-2016,9.0
14-09-2016,9.5
15-09-2016,1.3
16-09-2016,2.6
17-09-2016,1.3
18-09-2016,0.0
19-09-2016,24.5
20-09-2016,0.0
21-09-2016,8.4
22-09-2016,8.2
23-09-2016,7.0
24-09-2016,32.3
25-09-2016,12.2
26-09-2016,0.0
27-09-2016,6.5
28-09-2016,0.4
29-09-2016,1.6
30-09-2016,0.0
01-10-2016,10.5
02-10-2016,39.0
03-10-2016,16.5
04-10-2016,6.8
05-10-2016,1.7
06-10-2016,3.0
07-10-2016,39.0
08-10-2016,24.0
09-10-2016,6.5
10-10-2016,16.3
11-10-2016,16.3
12-10-2016,4.6
13-10-2016,15.4
14-10-2016,2.0
15-10-2016,14.4
16-10-2016,0.0
17-10-2016,13.5
18-10-2016,13.5
19-10-2016,0.0
20-10-2016,0.0
21-10-2016,5.3
22-10-2016,0.5
23-10-2016,4.5
24-10-2016,11.0
25-10-2016,3.6
26-10-2016,10.7
27-10-2016,12.6
28-10-2016,19.7
29-10-2016,3.2
30-10-2016,10.8
31-10-2016,10.8
01-11-2016,43.3
02-11-2016,49.3
03-11-2016,2.0
04-11-2016,0.0
05-11-2016,23.6
06-11-2016,1.3
07-11-2016,0.0
08-11-2016,22.0
09-11-2016,36.4
10-11-2016,19.8
11-11-2016,0.5
12-11-2016,0.0
13-11-2016,0.0
14-11-2016,10.9
15-11-2016,1.0
16-11-2016,14.0
17-11-2016,1.5
18-11-2016,5.4
19-11-2016,3.8
20-11-2016,0.0
21-11-2016,11.7
22-11-2016,65.7
23-11-2016,2.1
24-11-2016,28.5
25-11-2016,0.0
26-11-2016,13.7
27-11-2016,13.7
28-11-2016,2.5
29-11-2016,11.8
30-11-2016,0.0
01-12-2016,71.7
02-12-2016,0.0
03-12-2016,8.7
04-12-2016,75.6
05-12-2016,6.5
06-12-2016,50.4
07-12-2016,2.8
08-12-2016,0.0
09-12-2016,16.1
10-12-2016,0.0
11-12-2016,25.8
12-12-2016,5.7
13-12-2016,0.5
14-12-2016,20.3
15-12-2016,5.0
16-12-2016,10.0
17-12-2016,18.7
18-12-2016,1.5
19-12-2016,8.7
20-12-2016,35.0
21-12-2016,0.0
22-12-2016,20.1
23-12-2016,5.0
24-12-2016,0.0
25-12-2016,73.2
26-12-2016,18.4
27-12-2016,18.4
28-12-2016,0.0
29-12-2016,61.2
30-12-2016,0.8
31-12-2016,40.7
01-01-2017,0.0
02-01-2017,0.0
03-01-2017,3.5
04-01-2017,0.6
05-01-2017,42.5
06-01-2017,1.0
07-01-2017,0.0
08-01-2017,0.0
09-01-2017,24.3
10-01-2017,2.0
11-01-2017,7.4
12-01-2017,0.5
13-01-2017,0.3
14-01-2017,6.4
15-01-2017,16.5
16-01-2017,7.0
17-01-2017,11.6
18-01-2017,7.3
19-01-2017,12.6
20-01-2017,25.5
21-01-2017,5.7
22-01-2017,8.3
23-01-2017,8.3
24-01-2017,34.5
25-01-2017,0.0
26-01-2017,12.1
27-01-2017,0.3
28-01-2017,8.8
29-01-2017,20.5
30-01-2017,0.2
31-01-2017,8.9
01-02-2017,0.0
02-02-2017,22.8
03-02-2017,11.4
04-02-2017,0.0
05-02-2017,0.0
06-02-2017,6.8
07-02-2017,0.0
08-02-2017,0.0
09-02-2017,0.0
10-02-2017,0.0
11-02-2017,0.0
12-02-2017,0.0
13-02-2017,0.0
14-02-2017,0.0
15-02-2017,0.0
16-02-2017,0.0
17-02-2017,10.6
18-02-2017,3.0
19-02-2017,11.7
20-02-2017,11.7
21-02-2017,4.6
22-02-2017,0.0
23-02-2017,8.7
24-02-2017,0.0
25-02-2017,4.0
26-02-2017,9.2
27-02-2017,17.5
28-02-2017,0.5
01-03-2017,0.3
02-03-2017,0.3
03-03-2017,21.4
04-03-2017,9.9
05-03-2017,0.0
06-03-2017,6.4
07-03-2017,2.2
08-03-2017,5.8
09-03-2017,0.0
10-03-2017,0.0
11-03-2017,4.0
12-03-2017,27.8
13-03-2017,0.0
14-03-2017,2.5
15-03-2017,8.7
16-03-2017,5.7
17-03-2017,1.0
18-03-2017,3.2
19-03-2017,29.4
20-03-2017,8.9
21-03-2017,6.9
22-03-2017,3.5
23-03-2017,0.0
24-03-2017,0.0
25-03-2017,1.4
26-03-2017,1.2
27-03-2017,5.5
28-03-2017,8.7
29-03-2017,0.0
30-03-2017,0.0
31-03-2017,5.5
01-04-2017,3.2
02-04-2017,15.5
03-04-2017,9.3
04-04-2017,4.7
05-04-2017,3.7
06-04-2017,11.3
07-04-2017,32.3
08-04-2017,16.9
09-04-2017,9.5
10-04-2017,8.0
11-04-2017,0.0
12-04-2017,1.9
13-04-2017,0.2
14-04-2017,0.0
15-04-2017,0.0
16-04-2017,0.0
17-04-2017,9.7
18-04-2017,4.7
19-04-2017,2.5
20-04-2017,0.0
21-04-2017,0.0
22-04-2017,2.9
23-04-2017,7.4
24-04-2017,1.7
25-04-2017,3.0
26-04-2017,7.5
27-04-2017,1.0
28-04-2017,15.4
29-04-2017,0.0
30-04-2017,19.5
01-05-2017,0.0
02-05-2017,5.0
03-05-2017,23.0
04-05-2017,77.6
05-05-2017,0.0
06-05-2017,1.3
07-05-2017,1.1
08-05-2017,67.7
09-05-2017,11.0
10-05-2017,4.1
11-05-2017,12.0
12-05-2017,18.4
13-05-2017,20.5
14-05-2017,0.0
15-05-2017,12.5
16-05-2017,0.0
17-05-2017,28.0
18-05-2017,18.5
19-05-2017,16.7
20-05-2017,42.5
21-05-2017,19.4
22-05-2017,18.1
23-05-2017,29.7
24-05-2017,18.6
25-05-2017,63.0
26-05-2017,0.0
27-05-2017,0.0
28-05-2017,0.0
29-05-2017,0.0
30-05-2017,16.8
31-05-2017,10.0
01-06-2017,2.5
02-06-2017,22.2
03-06-2017,16.2
04-06-2017,13.6
05-06-2017,13.4
06-06-2017,50.5
07-06-2017,0.0
08-06-2017,43.3
09-06-2017,0.0
10-06-2017,0.0
11-06-2017,1.2
12-06-2017,0.1
13-06-2017,25.9
14-06-2017,28.7
15-06-2017,28.7
16-06-2017,2.0
17-06-2017,27.0
18-06-2017,0.0
19-06-2017,55.0
20-06-2017,2.8
21-06-2017,0.5
22-06-2017,3.5
23-06-2017,45.6
24-06-2017,1.0
25-06-2017,1.0
26-06-2017,0.1
27-06-2017,0.0
28-06-2017,0.1
29-06-2017,20.3
30-06-2017,25.0
01-07-2017,50.0
02-07-2017,1.0
03-07-2017,25.5
04-07-2017,9.5
05-07-2017,28.7
06-07-2017,2.9
07-07-2017,19.6
08-07-2017,4.2
09-07-2017,27.6
10-07-2017,23.5
11-07-2017,0.0
12-07-2017,7.0
13-07-2017,6.0
14-07-2017,2.5
15-07-2017,4.0
16-07-2017,0.0
17-07-2017,13.2
18-07-2017,0.0
19-07-2017,5.5
20-07-2017,0.5
21-07-2017,0.0
22-07-2017,17.3
23-07-2017,0.0
24-07-2017,0.0
25-07-2017,0.0
26-07-2017,0.0
27-07-2017,12.5
28-07-2017,2.5
29-07-2017,5.2
30-07-2017,13.8
31-07-2017,0.0
01-08-2017,0.0
02-08-2017,0.9
03-08-2017,36.6
04-08-2017,17.5
05-08-2017,7.3
06-08-2017,12.5
07-08-2017,29.8
08-08-2017,18.5
09-08-2017,48.3
10-08-2017,3.2
11-08-2017,1.1
12-08-2017,3.5
13-08-2017,8.0
14-08-2017,6.8
15-08-2017,28.5
16-08-2017,12.8
17-08-2017,36.6
18-08-2017,20.2
19-08-2017,13.0
20-08-2017,0.0
21-08-2017,0.0
22-08-2017,14.5
23-08-2017,53.7
24-08-2017,16.2
25-08-2017,0.0
26-08-2017,0.0
27-08-2017,0.0
28-08-2017,0.0
29-08-2017,13.9
30-08-2017,1.0
31-08-2017,16.0
01-09-2017,10.2
02-09-2017,4.3
03-09-2017,18.6
04-09-2017,44.9
05-09-2017,5.3
06-09-2017,3.0
07-09-2017,0.0
08-09-2017,0.7
09-09-2017,4.0
10-09-2017,0.0
11-09-2017,56.9
12-09-2017,15.0
13-09-2017,0.5
14-09-2017,39.5
15-09-2017,17.5
16-09-2017,14.7
17-09-2017,16.3
18-09-2017,6.0
19-09-2017,0.0
20-09-2017,0.0
21-09-2017,0.0
22-09-2017,1.5
23-09-2017,4.8
24-09-2017,0.2
25-09-2017,1.5
26-09-2017,16.0
27-09-2017,0.0
28-09-2017,10.4
29-09-2017,0.0
30-09-2017,13.8
01-10-2017,0.0
02-10-2017,15.7
03-10-2017,0.8
04-10-2017,1.0
05-10-2017,0.2
06-10-2017,3.3
07-10-2017,0.0
08-10-2017,3.0
09-10-2017,2.5
10-10-2017,0.0
11-10-2017,8.8
12-10-2017,4.5
13-10-2017,0.0
14-10-2017,0.0
15-10-2017,0.0
16-10-2017,6.8
17-10-2017,6.7
18-10-2017,4.3
19-10-2017,0.0
20-10-2017,0.5
21-10-2017,2.5
22-10-2017,0.0
23-10-2017,0.0
24-10-2017,6.1
25-10-2017,0.0
26-10-2017,0.0
27-10-2017,4.9
28-10-2017,0.0
29-10-2017,1.6
30-10-2017,0.5
31-10-2017,4.5
01-11-2017,1.0
02-11-2017,0.0
03-11-2017,0.0
04-11-2017,1.5
05-11-2017,0.6
06-11-2017,4.1
07-11-2017,0.0
08-11-2017,0.0
09-11-2017,0.0
10-11-2017,0.5
11-11-2017,3.9
12-11-2017,6.0
13-11-2017,2.2
14-11-2017,2.1
15-11-2017,0.3
16-11-2017,17.1
17-11-2017,2.5
18-11-2017,0.3
19-11-2017,8.6
20-11-2017,20.6
21-11-2017,10.6
22-11-2017,0.0
23-11-2017,0.0
24-11-2017,2.0
25-11-2017,0.2
26-11-2017,19.5
27-11-2017,20.6
28-11-2017,2.0
29-11-2017,4.5
30-11-2017,4.5
01-12-2017,8.5
02-12-2017,5.7
03-12-2017,13.4
04-12-2017,0.0
05-12-2017,7.5
06-12-2017,7.8
07-12-2017,7.1
08-12-2017,0.5
09-12-2017,6.3
10-12-2017,6.0
11-12-2017,2.2
12-12-2017,0.0
13-12-2017,4.2
14-12-2017,2.0
15-12-2017,2.0
16-12-2017,7.5
17-12-2017,4.3
18-12-2017,0.0
19-12-2017,0.0
20-12-2017,0.0
21-12-2017,0.0
22-12-2017,0.0
23-12-2017,18.9
24-12-2017,7.5
25-12-2017,30.3
26-12-2017,0.0
27-12-2017,8.1
28-12-2017,5.5
29-12-2017,0.5
30-12-2017,20.4
31-12-2017,0.9
01-01-2018,0.0
02-01-2018,3.0
03-01-2018,1.0
04-01-2018,0.5
05-01-2018,8.0
06-01-2018,18.6
07-01-2018,6.2
08-01-2018,1.8
09-01-2018,1.8
10-01-2018,4.5
11-01-2018,32.0
12-01-2018,2.6
13-01-2018,6.7
14-01-2018,9.0
15-01-2018,10.3
16-01-2018,0.0
17-01-2018,6.6
18-01-2018,6.6
19-01-2018,2.8
20-01-2018,0.4
21-01-2018,13.4
22-01-2018,8.7
23-01-2018,0.0
24-01-2018,8.1
25-01-2018,1.0
26-01-2018,9.3
27-01-2018,8.1
28-01-2018,2.2
29-01-2018,0.0
30-01-2018,6.0
31-01-2018,0.0
01-02-2018,0.0
02-02-2018,7.0
03-02-2018,3.8
04-02-2018,3.8
05-02-2018,0.3
06-02-2018,6.6
07-02-2018,4.7
08-02-2018,18.5
09-02-2018,0.2
10-02-2018,0.0
11-02-2018,12.9
12-02-2018,2.7
13-02-2018,0.0
14-02-2018,0.0
15-02-2018,2.3
16-02-2018,0.7
17-02-2018,25.0
18-02-2018,0.4
19-02-2018,4.1
20-02-2018,12.3
21-02-2018,5.3
22-02-2018,29.0
23-02-2018,0.0
24-02-2018,0.0
25-02-2018,31.4
26-02-2018,1.1
27-02-2018,6.6
28-02-2018,0.0
01-03-2018,38.5
02-03-2018,34.5
03-03-2018,0.0
04-03-2018,0.5
05-03-2018,9.5
06-03-2018,1.5
07-03-2018,5.5
08-03-2018,1.0
09-03-2018,27.5
10-03-2018,8.5
11-03-2018,12.7
12-03-2018,11.0
13-03-2018,0.0
14-03-2018,15.9
15-03-2018,32.4
16-03-2018,19.0
17-03-2018,13.6
18-03-2018,13.6
19-03-2018,0.0
20-03-2018,0.9
21-03-2018,0.0
22-03-2018,56.7
23-03-2018,1.0
24-03-2018,1.5
25-03-2018,6.7
26-03-2018,1.0
27-03-2018,0.0
28-03-2018,31.0
29-03-2018,1.2
30-03-2018,11.0
31-03-2018,9.8
01-04-2018,5.2
02-04-2018,2.2
03-04-2018,3.7
04-04-2018,7.0
05-04-2018,0.0
06-04-2018,0.0
07-04-2018,8.7
08-04-2018,2.5
09-04-2018,0.0
10-04-2018,0.0
11-04-2018,5.0
12-04-2018,0.1
13-04-2018,0.0
14-04-2018,16.0
15-04-2018,0.0
16-04-2018,8.0
17-04-2018,7.0
18-04-2018,0.0
19-04-2018,4.8
20-04-2018,0.0
21-04-2018,20.5
22-04-2018,5.0
23-04-2018,1.0
24-04-2018,5.1
25-04-2018,5.0
26-04-2018,4.2
27-04-2018,0.5
28-04-2018,0.0
29-04-2018,0.0
30-04-2018,4.6
01-05-2018,26.5
02-05-2018,10.0
03-05-2018,9.0
04-05-2018,0.0
05-05-2018,0.0
06-05-2018,0.0
07-05-2018,0.0
08-05-2018,3.0
09-05-2018,9.3
10-05-2018,0.0
11-05-2018,13.8
12-05-2018,39.1
13-05-2018,9.2
14-05-2018,34.9
15-05-2018,0.0
16-05-2018,21.4
17-05-2018,0.0
18-05-2018,0.2
19-05-2018,0.2
20-05-2018,24.5
21-05-2018,1.4
22-05-2018,17.0
23-05-2018,14.3
24-05-2018,10.2
25-05-2018,4.2
26-05-2018,9.5
27-05-2018,18.4
28-05-2018,11.1
29-05-2018,15.5
30-05-2018,18.0
31-05-2018,26.5
01-06-2018,8.5
02-06-2018,0.0
03-06-2018,4.2
04-06-2018,0.0
05-06-2018,0.0
06-06-2018,0.0
07-06-2018,1.9
08-06-2018,0.0
09-06-2018,0.0
10-06-2018,0.0
11-06-2018,0.0
12-06-2018,0.0
13-06-2018,6.5
14-06-2018,0.2
15-06-2018,0.0
16-06-2018,16.9
17-06-2018,14.6
18-06-2018,0.0
19-06-2018,0.0
20-06-2018,20.5
21-06-2018,3.7
22-06-2018,1.0
23-06-2018,6.5
24-06-2018,5.5
25-06-2018,0.1
26-06-2018,6.5
27-06-2018,9.7
28-06-2018,8.5
29-06-2018,21.1
30-06-2018,26.0
01-07-2018,0.0
02-07-2018,30.0
03-07-2018,6.5
04-07-2018,2.2
05-07-2018,1.4
06-07-2018,8.0
07-07-2018,0.0
08-07-2018,15.6
09-07-2018,5.4
10-07-2018,0.0
11-07-2018,0.0
12-07-2018,0.2
13-07-2018,0.0
14-07-2018,22.5
15-07-2018,4.3
16-07-2018,0.3
17-07-2018,0.3
18-07-2018,0.0
19-07-2018,0.0
20-07-2018,0.0
21-07-2018,0.0
22-07-2018,0.0
23-07-2018,4.3
24-07-2018,10.5
25-07-2018,0.0
26-07-2018,16.2
27-07-2018,2.0
28-07-2018,4.0
29-07-2018,14.4
30-07-2018,0.0
31-07-2018,0.0
01-08-2018,0.0
02-08-2018,0.0
03-08-2018,0.6
04-08-2018,0.3
05-08-2018,0.2
06-08-2018,0.2
07-08-2018,1.0
08-08-2018,0.0
09-08-2018,0.0
10-08-2018,0.0
11-08-2018,0.0
12-08-2018,0.0
13-08-2018,0.2
14-08-2018,0.0
15-08-2018,0.0
16-08-2018,0.0
17-08-2018,0.2
18-08-2018,0.2
19-08-2018,0.0
20-08-2018,0.0
21-08-2018,0.0
22-08-2018,0.0
23-08-2018,0.0
24-08-2018,0.0
25-08-2018,0.0
26-08-2018,0.0
27-08-2018,0.0
28-08-2018,0.5
29-08-2018,0.0
30-08-2018,0.1
31-08-2018,0.1
01-09-2018,0.0
02-09-2018,0.0
03-09-2018,0.0
04-09-2018,0.0
05-09-2018,0.1
06-09-2018,0.0
07-09-2018,0.0
08-09-2018,0.1
09-09-2018,0.0
10-09-2018,0.0
11-09-2018,0.0
12-09-2018,0.0
13-09-2018,0.0
14-09-2018,0.0
15-09-2018,0.0
16-09-2018,0.0
17-09-2018,0.0
18-09-2018,0.0
19-09-2018,0.0
20-09-2018,0.0
21-09-2018,0.0
22-09-2018,0.0
23-09-2018,0.0
24-09-2018,0.0
25-09-2018,0.0
26-09-2018,0.0
27-09-2018,0.0
28-09-2018,0.0
29-09-2018,0.0
30-09-2018,0.0
01-10-2018,0.0
02-10-2018,0.0
03-10-2018,2.5
04-10-2018,0.0
05-10-2018,0.0
06-10-2018,6.3
07-10-2018,0.0
08-10-2018,26.2
09-10-2018,5.0
10-10-2018,0.0
11-10-2018,16.6
12-10-2018,1.5
13-10-2018,15.7
14-10-2018,24.8
15-10-2018,0.8
16-10-2018,0.0
17-10-2018,0.0
18-10-2018,5.8
19-10-2018,16.0
20-10-2018,6.4
21-10-2018,5.5
22-10-2018,9.7
23-10-2018,0.0
24-10-2018,0.0
25-10-2018,0.0
26-10-2018,0.4
27-10-2018,6.8
28-10-2018,8.1
29-10-2018,0.7
30-10-2018,0.0
31-10-2018,0.0
01-11-2018,1.8
02-11-2018,0.0
03-11-2018,5.0
04-11-2018,0.1
05-11-2018,11.4
06-11-2018,3.7
07-11-2018,17.7
08-11-2018,3.0
09-11-2018,2.3
10-11-2018,0.8
11-11-2018,3.3
12-11-2018,0.8
13-11-2018,4.4
14-11-2018,0.0
15-11-2018,1.0
16-11-2018,0.4
17-11-2018,0.0
18-11-2018,6.8
19-11-2018,0.0
20-11-2018,3.3
21-11-2018,6.0
22-11-2018,0.5
23-11-2018,0.8
24-11-2018,0.0
25-11-2018,0.0
26-11-2018,8.4
27-11-2018,4.2
28-11-2018,2.0
29-11-2018,14.7
30-11-2018,0.3
01-12-2018,10.5
02-12-2018,3.0
03-12-2018,6.8
04-12-2018,9.0
05-12-2018,1.5
06-12-2018,51.3
07-12-2018,13.7
08-12-2018,23.5
09-12-2018,14.0
10-12-2018,0.0
11-12-2018,0.0
12-12-2018,3.0
13-12-2018,0.3
14-12-2018,10.5
15-12-2018,0.0
16-12-2018,12.3
17-12-2018,45.4
18-12-2018,14.5
19-12-2018,2.5
20-12-2018,2.0
21-12-2018,0.1
22-12-2018,3.0
23-12-2018,4.1
24-12-2018,0.0
25-12-2018,0.0
26-12-2018,1.0
27-12-2018,33.1
28-12-2018,14.3
29-12-2018,0.0
30-12-2018,0.0
31-12-2018,0.0
01-01-2019,0.0
02-01-2019,12.8
03-01-2019,1.5
04-01-2019,4.8
05-01-2019,0.3
06-01-2019,0.0
07-01-2019,0.0
08-01-2019,26.0
09-01-2019,0.0
10-01-2019,22.0
11-01-2019,0.0
12-01-2019,10.6
13-01-2019,2.5
14-01-2019,14.2
15-01-2019,5.6
16-01-2019,27.4
17-01-2019,8.2
18-01-2019,0.0
19-01-2019,0.0
20-01-2019,37.2
21-01-2019,11.1
22-01-2019,8.8
23-01-2019,7.0
24-01-2019,0.1
25-01-2019,2.0
26-01-2019,42.7
27-01-2019,0.0
28-01-2019,13.0
29-01-2019,8.5
30-01-2019,0.0
31-01-2019,0.0
01-02-2019,7.0
02-02-2019,7.0
03-02-2019,4.5
04-02-2019,8.9
05-02-2019,6.8
06-02-2019,2.4
07-02-2019,0.0
08-02-2019,4.6
09-02-2019,0.9
10-02-2019,7.7
11-02-2019,0.0
12-02-2019,0.0
13-02-2019,0.0
14-02-2019,0.0
15-02-2019,0.0
16-02-2019,0.0
17-02-2019,0.0
18-02-2019,0.0
19-02-2019,0.0
20-02-2019,0.0
21-02-2019,0.0
22-02-2019,0.0
23-02-2019,0.0
24-02-2019,0.0
25-02-2019,0.0
26-02-2019,0.0
27-02-2019,3.2
28-02-2019,0.0
01-03-2019,0.0
02-03-2019,0.0
03-03-2019,0.0
04-03-2019,0.0
05-03-2019,8.0
06-03-2019,2.3
07-03-2019,1.7
08-03-2019,0.0
09-03-2019,0.0
10-03-2019,1.3
11-03-2019,0.0
12-03-2019,13.5
13-03-2019,0.0
14-03-2019,4.1
15-03-2019,4.4
16-03-2019,14.2
17-03-2019,0.0
18-03-2019,0.0
19-03-2019,0.0
20-03-2019,6.3
21-03-2019,4.3
22-03-2019,0.0
23-03-2019,4.1
24-03-2019,0.0
25-03-2019,5.1
26-03-2019,2.8
27-03-2019,14.8
28-03-2019,20.5
29-03-2019,0.2
30-03-2019,6.0
31-03-2019,4.0
01-04-2019,13.0
02-04-2019,7.4
03-04-2019,19.5
04-04-2019,3.5
05-04-2019,1.0
06-04-2019,12.3
07-04-2019,2.5
08-04-2019,8.5
09-04-2019,4.3
10-04-2019,8.0
11-04-2019,0.0
12-04-2019,8.0
13-04-2019,4.7
14-04-2019,7.8
15-04-2019,12.1
16-04-2019,0.0
17-04-2019,0.0
18-04-2019,0.0
19-04-2019,0.0
20-04-2019,0.0
21-04-2019,2.9
22-04-2019,0.0
23-04-2019,0.3
24-04-2019,9.3
25-04-2019,9.6
26-04-2019,5.4
27-04-2019,6.7
28-04-2019,0.7
29-04-2019,6.4
30-04-2019,0.6
01-05-2019,0.0
02-05-2019,22.9
03-05-2019,0.2
04-05-2019,7.7
05-05-2019,0.0
06-05-2019,0.0
07-05-2019,0.0
08-05-2019,3.5
09-05-2019,1.3
10-05-2019,0.0
11-05-2019,0.0
12-05-2019,0.0
13-05-2019,0.3
14-05-2019,0.5
15-05-2019,0.0
16-05-2019,0.0
17-05-2019,1.0
18-05-2019,0.1
19-05-2019,0.5
20-05-2019,0.0
21-05-2019,0.0
22-05-2019,4.1
23-05-2019,15.0
24-05-2019,7.8
25-05-2019,0.0
26-05-2019,2.4
27-05-2019,2.6
28-05-2019,17.0
29-05-2019,12.4
30-05-2019,14.0
31-05-2019,10.3
01-06-2019,42.0
02-06-2019,7.9
03-06-2019,117.2
04-06-2019,71.4
05-06-2019,59.6
06-06-2019,0.0
07-06-2019,0.0
08-06-2019,0.0
09-06-2019,12.0
10-06-2019,11.5
11-06-2019,32.2
12-06-2019,3.0
13-06-2019,54.0
14-06-2019,133.9
15-06-2019,2.6
16-06-2019,33.7
17-06-2019,106.5
18-06-2019,6.2
19-06-2019,4.0
20-06-2019,36.7
21-06-2019,0.2
22-06-2019,35.0
23-06-2019,39.8
24-06-2019,2.5
25-06-2019,0.0
26-06-2019,0.0
27-06-2019,5.7
28-06-2019,7.3
29-06-2019,6.5
30-06-2019,0.0
01-07-2019,0.0
02-07-2019,0.0
03-07-2019,0.0
04-07-2019,0.0
05-07-2019,0.0
06-07-2019,0.0
07-07-2019,0.0
08-07-2019,0.0
09-07-2019,0.0
10-07-2019,2.5
11-07-2019,4.2
12-07-2019,0.0
13-07-2019,0.6
14-07-2019,0.6
15-07-2019,0.0
16-07-2019,0.0
17-07-2019,1.1
18-07-2019,0.0
19-07-2019,0.0
20-07-2019,0.0
21-07-2019,9.6
22-07-2019,11.3
23-07-2019,0.0
24-07-2019,0.0
25-07-2019,10.2
26-07-2019,0.0
27-07-2019,0.0
28-07-2019,1.1
29-07-2019,0.0
30-07-2019,12.4
31-07-2019,1.8
01-08-2019,0.0
02-08-2019,0.0
03-08-2019,0.0
04-08-2019,0.0
05-08-2019,0.0
06-08-2019,0.0
07-08-2019,0.0
08-08-2019,0.0
09-08-2019,0.0
10-08-2019,0.0
11-08-2019,0.0
12-08-2019,0.0
13-08-2019,0.0
14-08-2019,0.0
15-08-2019,0.0
16-08-2019,0.0
17-08-2019,0.0
18-08-2019,0.0
19-08-2019,0.0
20-08-2019,0.0
21-08-2019,0.0
22-08-2019,0.0
23-08-2019,0.0
24-08-2019,0.0
25-08-2019,0.0
26-08-2019,0.0
27-08-2019,0.0
28-08-2019,0.0
29-08-2019,0.0
30-08-2019,0.0
31-08-2019,0.0
01-09-2019,1.4
02-09-2019,2.5
03-09-2019,0.0
04-09-2019,0.0
05-09-2019,0.0
06-09-2019,0.0
07-09-2019,0.4
08-09-2019,0.3
09-09-2019,0.0
10-09-2019,0.0
11-09-2019,0.0
12-09-2019,0.0
13-09-2019,0.0
14-09-2019,0.0
15-09-2019,0.0
16-09-2019,0.0
17-09-2019,0.0
18-09-2019,0.0
19-09-2019,0.0
20-09-2019,0.0
21-09-2019,0.2
22-09-2019,1.0
23-09-2019,0.0
24-09-2019,0.3
25-09-2019,0.5
26-09-2019,0.3
27-09-2019,0.0
28-09-2019,3.5
29-09-2019,2.5
30-09-2019,1.5
01-10-2019,8.0
02-10-2019,20.6
03-10-2019,14.3
04-10-2019,5.2
05-10-2019,0.0
06-10-2019,0.0
07-10-2019,2.0
08-10-2019,4.5
09-10-2019,0.1
10-10-2019,0.0
11-10-2019,0.0
12-10-2019,0.0
13-10-2019,20.8
14-10-2019,16.2
15-10-2019,0.0
16-10-2019,33.5
17-10-2019,7.8
18-10-2019,0.0
19-10-2019,13.5
20-10-2019,11.5
21-10-2019,6.8
22-10-2019,0.0
23-10-2019,0.1
24-10-2019,0.0
25-10-2019,21.0
26-10-2019,15.7
27-10-2019,10.5
28-10-2019,0.0
29-10-2019,0.0
30-10-2019,0.0
31-10-2019,0.0
01-11-2019,4.5
02-11-2019,4.8
03-11-2019,4.7
04-11-2019,6.0
05-11-2019,0.0
06-11-2019,2.0
07-11-2019,0.0
08-11-2019,0.0
09-11-2019,3.5
10-11-2019,0.0
11-11-2019,5.2
12-11-2019,3.9
13-11-2019,13.5
14-11-2019,0.0
15-11-2019,0.0
16-11-2019,0.0
17-11-2019,1.5
18-11-2019,0.0
19-11-2019,0.0
20-11-2019,3.2
21-11-2019,0.0
22-11-2019,0.2
23-11-2019,1.5
24-11-2019,2.4
25-11-2019,0.8
26-11-2019,0.0
27-11-2019,0.0
28-11-2019,0.0
29-11-2019,0.0
30-11-2019,0.0
01-12-2019,0.2
02-12-2019,0.0
03-12-2019,0.1
04-12-2019,6.4
05-12-2019,2.3
06-12-2019,0.0
07-12-2019,0.0
08-12-2019,1.3
09-12-2019,0.0
10-12-2019,0.0
11-12-2019,0.0
12-12-2019,0.0
13-12-2019,6.9
14-12-2019,1.3
15-12-2019,3.5
16-12-2019,1.5
17-12-2019,1.1
18-12-2019,0.0
19-12-2019,4.2
20-12-2019,3.0
21-12-2019,4.2
22-12-2019,0.0
23-12-2019,1.6
24-12-2019,12.3
25-12-2019,4.2
26-12-2019,1.5
27-12-2019,0.0
28-12-2019,0.0
29-12-2019,4.6
30-12-2019,0.0
31-12-2019,4.4
01-01-2020,0.3
02-01-2020,7.6
03-01-2020,11.7
04-01-2020,2.5
05-01-2020,5.5
06-01-2020,3.0
07-01-2020,0.0
08-01-2020,0.0
09-01-2020,0.0
10-01-2020,0.0
11-01-2020,6.7
12-01-2020,3.4
13-01-2020,0.0
14-01-2020,0.0
15-01-2020,4.7
16-01-2020,1.9
17-01-2020,1.5
18-01-2020,0.0
19-01-2020,4.2
20-01-2020,0.0
21-01-2020,3.9
22-01-2020,0.0
23-01-2020,0.0
24-01-2020,0.0
25-01-2020,0.0
26-01-2020,0.2
27-01-2020,15.8
28-01-2020,1.5
29-01-2020,5.0
30-01-2020,2.7
31-01-2020,3.1
01-02-2020,0.0
02-02-2020,0.0
03-02-2020,0.0
04-02-2020,0.0
05-02-2020,0.0
06-02-2020,0.0
07-02-2020,1.8
08-02-2020,0.3
09-02-2020,0.0
10-02-2020,0.2
11-02-2020,4.5
12-02-2020,0.0
13-02-2020,0.0
14-02-2020,0.0
15-02-2020,0.0
16-02-2020,1.8
17-02-2020,0.0
18-02-2020,0.5
19-02-2020,0.0
20-02-2020,3.3
21-02-2020,0.0
22-02-2020,0.0
23-02-2020,0.0
24-02-2020,0.0
25-02-2020,0.0
26-02-2020,0.0
27-02-2020,0.0
28-02-2020,0.0
29-02-2020,0.0
01-03-2020,0.0
02-03-2020,0.0
03-03-2020,0.0
04-03-2020,0.0
05-03-2020,5.0
06-03-2020,30.2
07-03-2020,17.4
08-03-2020,1.0
09-03-2020,0.0
10-03-2020,13.6
11-03-2020,0.0
12-03-2020,1.2
13-03-2020,0.0
14-03-2020,0.0
15-03-2020,10.6
16-03-2020,9.9
17-03-2020,0.0
18-03-2020,0.0
19-03-2020,0.0
20-03-2020,8.3
21-03-2020,15.2
22-03-2020,0.0
23-03-2020,0.0
24-03-2020,14.5
25-03-2020,5.0
26-03-2020,0.0
27-03-2020,0.0
28-03-2020,32.5
29-03-2020,8.3
30-03-2020,14.0
31-03-2020,1.0
01-04-2020,0.0
02-04-2020,0.0
03-04-2020,0.0
04-04-2020,0.0
05-04-2020,0.0
06-04-2020,0.0
07-04-2020,0.0
08-04-2020,0.0
09-04-2020,9.5
10-04-2020,0.0
11-04-2020,0.0
12-04-2020,4.9
13-04-2020,1.2
14-04-2020,3.1
15-04-2020,0.0
16-04-2020,0.0
17-04-2020,0.0
18-04-2020,0.0
19-04-2020,0.5
20-04-2020,1.0
21-04-2020,0.0
22-04-2020,0.0
23-04-2020,0.0
24-04-2020,0.0
25-04-2020,7.0
26-04-2020,16.8
27-04-2020,3.8
28-04-2020,15.1
29-04-2020,0.0
30-04-2020,0.0
01-05-2020,15.1
02-05-2020,15.1
03-05-2020,15.1
04-05-2020,0.0
05-05-2020,11.3
06-05-2020,0.0
07-05-2020,9.4
08-05-2020,1.4
09-05-2020,8.5
10-05-2020,28.3
11-05-2020,10.4
12-05-2020,0.0
13-05-2020,3.0
14-05-2020,1.4
15-05-2020,8.5
16-05-2020,8.5
17-05-2020,36.2
18-05-2020,19.1
19-05-2020,19.1
20-05-2020,19.1
21-05-2020,0.0
22-05-2020,44.8
23-05-2020,8.2
24-05-2020,0.0
25-05-2020,0.1
26-05-2020,0.2
27-05-2020,0.0
28-05-2020,8.1
29-05-2020,28.0
30-05-2020,16.2
31-05-2020,0.2
01-06-2020,10.8
02-06-2020,10.8
03-06-2020,0.3
04-06-2020,0.1
05-06-2020,5.5
06-06-2020,0.4
07-06-2020,4.7
08-06-2020,0.2
09-06-2020,0.6
10-06-2020,2.0
11-06-2020,0.0
12-06-2020,0.0
13-06-2020,0.0
14-06-2020,6.5
15-06-2020,16.3
16-06-2020,18.7
17-06-2020,18.7
18-06-2020,53.0
19-06-2020,20.6
20-06-2020,16.8
21-06-2020,0.2
22-06-2020,0.0
23-06-2020,18.6
24-06-2020,0.5
25-06-2020,13.7
26-06-2020,8.8
27-06-2020,13.0
28-06-2020,45.2
29-06-2020,20.6
30-06-2020,0.0
01-07-2020,0.6
02-07-2020,16.9
03-07-2020,64.1
04-07-2020,35.2
05-07-2020,5.7
06-07-2020,24.5
07-07-2020,8.5
08-07-2020,2.2
09-07-2020,6.0
10-07-2020,36.1
11-07-2020,2.9
12-07-2020,2.0
13-07-2020,9.0
14-07-2020,9.0
15-07-2020,7.1
16-07-2020,3.1
17-07-2020,5.7
18-07-2020,3.0
19-07-2020,6.3
20-07-2020,19.2
21-07-2020,17.3
22-07-2020,13.5
23-07-2020,18.1
24-07-2020,35.7
25-07-2020,60.3
26-07-2020,33.4
27-07-2020,17.1
28-07-2020,6.8
29-07-2020,3.0
30-07-2020,0.0
31-07-2020,0.0
01-08-2020,26.3
02-08-2020,3.5
03-08-2020,0.0
04-08-2020,34.0
05-08-2020,15.9
06-08-2020,27.0
07-08-2020,17.8
08-08-2020,0.0
09-08-2020,15.6
10-08-2020,1.9
11-08-2020,14.2
12-08-2020,3.7
13-08-2020,0.0
14-08-2020,0.0
15-08-2020,42.0
16-08-2020,1.1
17-08-2020,5.6
18-08-2020,29.7
19-08-2020,21.9
20-08-2020,44.0
21-08-2020,0.0
22-08-2020,14.5
23-08-2020,0.0
24-08-2020,0.0
25-08-2020,0.0
26-08-2020,0.5
27-08-2020,12.3
28-08-2020,0.0
29-08-2020,8.5
30-08-2020,2.4
31-08-2020,12.5
01-09-2020,0.0
02-09-2020,22.9
03-09-2020,1.5
04-09-2020,3.0
05-09-2020,10.5
06-09-2020,44.5
07-09-2020,13.4
08-09-2020,8.4
09-09-2020,0.0
10-09-2020,19.3
11-09-2020,65.5
12-09-2020,1.3
13-09-2020,3.3
14-09-2020,64.0
15-09-2020,23.3
16-09-2020,23.3
17-09-2020,23.3
18-09-2020,23.3
19-09-2020,23.3
20-09-2020,23.3
21-09-2020,23.3
22-09-2020,23.3
23-09-2020,23.3
24-09-2020,23.3
25-09-2020,23.3
26-09-2020,23.3
27-09-2020,23.3
28-09-2020,26.3
29-09-2020,1.9
30-09-2020,2.0
01-10-2020,0.8
02-10-2020,22.5
03-10-2020,6.7
04-10-2020,10.0
05-10-2020,0.0
06-10-2020,8.0
07-10-2020,8.0
08-10-2020,4.0
09-10-2020,35.4
10-10-2020,6.0
11-10-2020,0.3
12-10-2020,0.0
13-10-2020,8.5
14-10-2020,0.0
15-10-2020,7.5
16-10-2020,5.0
17-10-2020,15.7
18-10-2020,37.3
19-10-2020,31.2
20-10-2020,9.0
21-10-2020,0.0
22-10-2020,0.0
23-10-2020,0.0
24-10-2020,0.4
25-10-2020,11.8
26-10-2020,0.0
27-10-2020,11.4
28-10-2020,11.4
29-10-2020,1.6
30-10-2020,0.0
31-10-2020,11.5
01-11-2020,13.7
02-11-2020,8.0
03-11-2020,10.8
04-11-2020,0.0
05-11-2020,0.0
06-11-2020,46.2
07-11-2020,42.8
08-11-2020,36.0
09-11-2020,19.7
10-11-2020,0.0
11-11-2020,0.0
12-11-2020,0.0
13-11-2020,0.0
14-11-2020,0.0
15-11-2020,5.6
16-11-2020,4.8
17-11-2020,0.0
18-11-2020,0.0
19-11-2020,11.8
20-11-2020,7.8
21-11-2020,10.4
22-11-2020,0.0
23-11-2020,1.6
24-11-2020,9.5
25-11-2020,14.7
26-11-2020,0.0
27-11-2020,47.6
28-11-2020,8.9
29-11-2020,33.5
30-11-2020,57.3
01-12-2020,7.5
02-12-2020,5.9
03-12-2020,0.0
04-12-2020,1.5
05-12-2020,0.0
06-12-2020,2.3
07-12-2020,2.7
08-12-2020,4.0
09-12-2020,17.6
10-12-2020,41.5
11-12-2020,3.2
12-12-2020,1.0
13-12-2020,7.3
14-12-2020,12.0
15-12-2020,0.0
16-12-2020,19.2
17-12-2020,20.5
18-12-2020,22.3
19-12-2020,13.8
20-12-2020,12.8
21-12-2020,3.7
22-12-2020,4.8
23-12-2020,1.5
24-12-2020,5.7
25-12-2020,0.0
26-12-2020,2.5
27-12-2020,10.6
28-12-2020,9.5
29-12-2020,1.1
30-12-2020,10.2
31-12-2020,20.1
01-01-2021,5.0
02-01-2021,34.1
03-01-2021,4.7
04-01-2021,14.6
05-01-2021,16.7
06-01-2021,2.0
07-01-2021,0.0
08-01-2021,34.0
09-01-2021,12.1
10-01-2021,23.5
11-01-2021,0.0
12-01-2021,6.5
13-01-2021,25.5
14-01-2021,5.0
15-01-2021,18.9
16-01-2021,1.4
17-01-2021,0.3
18-01-2021,2.3
19-01-2021,0.3
20-01-2021,0.0
21-01-2021,0.0
22-01-2021,25.1
23-01-2021,5.8
24-01-2021,2.3
25-01-2021,4.5
26-01-2021,9.8
27-01-2021,1.1
28-01-2021,15.5
29-01-2021,0.0
30-01-2021,9.3
31-01-2021,1.8
01-02-2021,0.0
02-02-2021,0.0
03-02-2021,0.0
04-02-2021,0.0
05-02-2021,1.2
06-02-2021,3.2
07-02-2021,2.5
08-02-2021,1.1
09-02-2021,7.1
10-02-2021,4.3
11-02-2021,4.1
12-02-2021,2.0
13-02-2021,3.7
14-02-2021,2.2
15-02-2021,2.0
16-02-2021,0.4
17-02-2021,9.5
18-02-2021,15.9
19-02-2021,0.0
20-02-2021,0.0
21-02-2021,0.0
22-02-2021,4.2
23-02-2021,12.1
24-02-2021,12.9
25-02-2021,0.0
26-02-2021,0.0
27-02-2021,4.6
28-02-2021,0.2
01-03-2021,0.0
02-03-2021,1.5
03-03-2021,17.0
04-03-2021,5.6
05-03-2021,3.1
06-03-2021,5.4
07-03-2021,0.0
08-03-2021,0.0
09-03-2021,13.5
10-03-2021,19.5
11-03-2021,6.6
12-03-2021,0.0
13-03-2021,0.0
14-03-2021,19.0
15-03-2021,3.6
16-03-2021,0.0
17-03-2021,0.0
18-03-2021,0.7
19-03-2021,1.4
20-03-2021,0.0
21-03-2021,27.7
22-03-2021,20.6
23-03-2021,14.3
24-03-2021,9.9
25-03-2021,0.0
26-03-2021,7.4
27-03-2021,6.8
28-03-2021,6.8
29-03-2021,0.7
30-03-2021,0.3
31-03-2021,6.4
